m49,iso2,iso3,name_ar,name_zh,name_en,name_fr,name_ru,name_es
004,AF,AFG,أفغانستان,阿富汗,Afghanistan,Afghanistan,Афганистан,Afganistán
008,AL,ALB,ألبانيا,阿尔巴尼亚,Albania,Albanie,Албания,Albania
010,AQ,ATA,أنتاركتيكا,南极洲,Antarctica,Antarctique,Антарктике,Antártida
012,DZ,DZA,الجزائر,阿尔及利亚,Algeria,Algérie,Алжир,Argelia
016,AS,ASM,ساموا الأمريكية,美属萨摩亚,American Samoa,Samoa américaines,Американское Самоа,Samoa Americana
020,AD,AND,أندورا,安道尔,Andorra,Andorre,Андорра,Andorra
024,AO,AGO,أنغولا,安哥拉,Angola,Angola,Ангола,Angola
028,AG,ATG,أنتيغوا وبربودا,安提瓜和巴布达,Antigua and Barbuda,Antigua-et-Barbuda,Антигуа и Барбуда,Antigua y Barbuda
031,AZ,AZE,أذربيجان,阿塞拜疆,Azerbaijan,Azerbaïdjan,Азербайджан,Azerbaiyán
032,AR,ARG,الأرجنتين,阿根廷,Argentina,Argentine,Аргентина,Argentina
036,AU,AUS,أستراليا,澳大利亚,Australia,Australie,Австралия,Australia
040,AT,AUT,النمسا,奥地利,Austria,Autriche,Австрия,Austria
044,BS,BHS,جزر البهاما,巴哈马,Bahamas,Bahamas,Багамские Острова,Bahamas
048,BH,BHR,البحرين,巴林,Bahrain,Bahreïn,Бахрейн,Bahrein
050,BD,BGD,بنغلاديش,孟加拉国,Bangladesh,Bangladesh,Бангладеш,Bangladesh
051,AM,ARM,أرمينيا,亚美尼亚,Armenia,Arménie,Армения,Armenia
052,BB,BRB,بربادوس,巴巴多斯,Barbados,Barbade,Барбадос,Barbados
056,BE,BEL,بلجيكا,比利时,Belgium,Belgique,Бельгия,Bélgica
060,BM,BMU,برمودا,百慕大,Bermuda,Bermudes,Бермудские острова,Bermuda
064,BT,BTN,بوتان,不丹,Bhutan,Bhoutan,Бутан,Bhután
068,BO,BOL,بوليفيا (دولة - المتعددة القوميات),多民族玻利维亚国,Bolivia (Plurinational State of),Bolivie (État plurinational de),Боливия (Многонациональное Государство),Bolivia (Estado Plurinacional de)
070,BA,BIH,البوسنة والهرسك,波斯尼亚和黑塞哥维那,Bosnia and Herzegovina,Bosnie-Herzégovine,Босния и Герцеговина,Bosnia y Herzegovina
072,BW,BWA,بوتسوانا,博茨瓦纳,Botswana,Botswana,Ботсвана,Botswana
074,BV,BVT,جزيرة بوفيت,布维岛,Bouvet Island,Île Bouvet,Остров Буве,Isla Bouvet
076,BR,BRA,البرازيل,巴西,Brazil,Brésil,Бразилия,Brasil
084,BZ,BLZ,بليز,伯利兹,Belize,Belize,Белиз,Belice
086,IO,IOT,المحيط الهندي الإقليم البريطاني في,英属印度洋领土,British Indian Ocean Territory,Territoire britannique de l'océan Indien,Британская территория в Индийском океане,Territorio Británico del Océano Índico
090,SB,SLB,جزر سليمان,所罗门群岛,Solomon Islands,Îles Salomon,Соломоновы Острова,Islas Salomón
092,VG,VGB,جزر فرجن البريطانية,英属维尔京群岛,British Virgin Islands,Îles Vierges britanniques,Британские Виргинские острова,Islas Vírgenes Británicas
096,BN,BRN,بروني دار السلام,文莱达鲁萨兰国,Brunei Darussalam,Brunéi Darussalam,Бруней-Даруссалам,Brunei Darussalam
100,BG,BGR,بلغاريا,保加利亚,Bulgaria,Bulgarie,Болгария,Bulgaria
104,MM,MMR,ميانمار,缅甸,Myanmar,Myanmar,Мьянма,Myanmar
108,BI,BDI,بوروندي,布隆迪,Burundi,Burundi,Бурунди,Burundi
112,BY,BLR,بيلاروس,白俄罗斯,Belarus,Bélarus,Беларусь,Belarús
116,KH,KHM,كمبوديا,柬埔寨,Cambodia,Cambodge,Камбоджа,Camboya
120,CM,CMR,الكاميرون,喀麦隆,Cameroon,Cameroun,Камерун,Camerún
124,CA,CAN,كندا,加拿大,Canada,Canada,Канада,Canadá
132,CV,CPV,كابو فيردي,佛得角,Cabo Verde,Cabo Verde,Кабо-Верде,Cabo Verde
136,KY,CYM,جزر كايمان,开曼群岛,Cayman Islands,Îles Caïmanes,Кайман острова,Islas Caimán
140,CF,CAF,جمهورية أفريقيا الوسطى,中非共和国,Central African Republic,République centrafricaine,Центральноафриканская Республика,República Centroafricana
144,LK,LKA,سري لانكا,斯里兰卡,Sri Lanka,Sri Lanka,Шри-Ланка,Sri Lanka
148,TD,TCD,تشاد,乍得,Chad,Tchad,Чад,Chad
152,CL,CHL,شيلي,智利,Chile,Chili,Чили,Chile
156,CN,CHN,الصين,中国,China,Chine,Китай,China
162,CX,CXR,جزيرة عيد الميلاد,圣诞岛,Christmas Island,Île Christmas,остров Рождества,Isla Christmas
166,CC,CCK,جزر كوكس (كيلينغ),科科斯（基林）群岛,Cocos (Keeling) Islands,Îles des Cocos (Keeling),Кокосовых (Килинг) островов,Islas Cocos (Keeling)
170,CO,COL,كولومبيا,哥伦比亚,Colombia,Colombie,Колумбия,Colombia
174,KM,COM,جزر القمر,科摩罗,Comoros,Comores,Коморские Острова,Comoras
175,YT,MYT,مايوت,马约特,Mayotte,Mayotte,Остров Майотта,Mayotte
178,CG,COG,الكونغو,刚果,Congo,Congo,Конго,Congo
180,CD,COD,جمهورية الكونغو الديمقراطية,刚果民主共和国,Democratic Republic of the Congo,République démocratique du Congo,Демократическая Республика Конго,República Democrática del Congo
184,CK,COK,جزر كوك,库克群岛,Cook Islands,Îles Cook,Острова Кука,Islas Cook
188,CR,CRI,كوستاريكا,哥斯达黎加,Costa Rica,Costa Rica,Коста-Рика,Costa Rica
191,HR,HRV,كرواتيا,克罗地亚,Croatia,Croatie,Хорватия,Croacia
192,CU,CUB,كوبا,古巴,Cuba,Cuba,Куба,Cuba
196,CY,CYP,قبرص,塞浦路斯,Cyprus,Chypre,Кипр,Chipre
203,CZ,CZE,تشيكيا,捷克,Czechia,Tchéquie,Чехия,Chequia
204,BJ,BEN,بنن,贝宁,Benin,Bénin,Бенин,Benin
208,DK,DNK,الدانمرك,丹麦,Denmark,Danemark,Дания,Dinamarca
212,DM,DMA,دومينيكا,多米尼克,Dominica,Dominique,Доминика,Dominica
214,DO,DOM,الجمهورية الدومينيكية,多米尼加,Dominican Republic,République dominicaine,Доминиканская Республика,República Dominicana
218,EC,ECU,إكوادور,厄瓜多尔,Ecuador,Équateur,Эквадор,Ecuador
222,SV,SLV,السلفادور,萨尔瓦多,El Salvador,El Salvador,Сальвадор,El Salvador
226,GQ,GNQ,غينيا الاستوائية,赤道几内亚,Equatorial Guinea,Guinée équatoriale,Экваториальная Гвинея,Guinea Ecuatorial
231,ET,ETH,إثيوبيا,埃塞俄比亚,Ethiopia,Éthiopie,Эфиопия,Etiopía
232,ER,ERI,إريتريا,厄立特里亚,Eritrea,Érythrée,Эритрея,Eritrea
233,EE,EST,إستونيا,爱沙尼亚,Estonia,Estonie,Эстония,Estonia
234,FO,FRO,جزر فايرو,法罗群岛,Faroe Islands,Îles Féroé,Фарерские острова,Islas Feroe
238,FK,FLK,جزر فوكلاند (مالفيناس),福克兰群岛（马尔维纳斯）,Falkland Islands (Malvinas),Îles Falkland (Malvinas),Фолклендские (Мальвинские) острова,Islas Malvinas (Falkland)
239,GS,SGS,جورجيا الجنوبية وجزر ساندويتش الجنوبية,南乔治亚岛和南桑德韦奇岛,South Georgia and the South Sandwich Islands,Géorgie du Sud-et-les Îles Sandwich du Sud,Южная Джорджия и Южные Сандвичевы острова,Georgia del Sur y las Islas Sandwich del Sur
242,FJ,FJI,فيجي,斐济,Fiji,Fidji,Фиджи,Fiji
246,FI,FIN,فنلندا,芬兰,Finland,Finlande,Финляндия,Finlandia
248,AX,ALA,جزر ألاند,奥兰群岛,Åland Islands,Îles d’Åland,Аландских островов,Islas Åland
250,FR,FRA,فرنسا,法国,France,France,Франция,Francia
254,GF,GUF,غيانا الفرنسية,法属圭亚那,French Guiana,Guyane française,Французская Гвиана,Guayana Francesa
258,PF,PYF,بولينيزيا الفرنسية,法属波利尼西亚,French Polynesia,Polynésie française,Французская Полинезия,Polinesia Francesa
260,TF,ATF,الأراضي الفرنسية الجنوبية الجنوبية,法属南方领地,French Southern Territories,Terres australes françaises,Южные земли (французская заморская территория),Territorio de las Tierras Australes Francesas
262,DJ,DJI,جيبوتي,吉布提,Djibouti,Djibouti,Джибути,Djibouti
266,GA,GAB,غابون,加蓬,Gabon,Gabon,Габон,Gabón
268,GE,GEO,جورجيا,格鲁吉亚,Georgia,Géorgie,Грузия,Georgia
270,GM,GMB,غامبيا,冈比亚,Gambia,Gambie,Гамбия,Gambia
275,PS,PSE,دولة فلسطين,巴勒斯坦国,State of Palestine,État de Palestine,Государство Палестина,Estado de Palestina
276,DE,DEU,ألمانيا,德国,Germany,Allemagne,Германия,Alemania
288,GH,GHA,غانا,加纳,Ghana,Ghana,Гана,Ghana
292,GI,GIB,جبل طارق,直布罗陀,Gibraltar,Gibraltar,Гибралтар,Gibraltar
296,KI,KIR,كيريباس,基里巴斯,Kiribati,Kiribati,Кирибати,Kiribati
300,GR,GRC,اليونان,希腊,Greece,Grèce,Греция,Grecia
304,GL,GRL,غرينلند,格陵兰,Greenland,Groenland,Гренландия,Groenlandia
308,GD,GRD,غرينادا,格林纳达,Grenada,Grenade,Гренада,Granada
312,GP,GLP,غوادلوب,瓜德罗普,Guadeloupe,Guadeloupe,Гваделупа,Guadalupe
316,GU,GUM,غوام,关岛,Guam,Guam,Гуам,Guam
320,GT,GTM,غواتيمالا,危地马拉,Guatemala,Guatemala,Гватемала,Guatemala
324,GN,GIN,غينيا,几内亚,Guinea,Guinée,Гвинея,Guinea
328,GY,GUY,غيانا,圭亚那,Guyana,Guyana,Гайана,Guyana
332,HT,HTI,هايتي,海地,Haiti,Haïti,Гаити,Haití
334,HM,HMD,جزيرة هيرد وجزر ماكدونالد,赫德岛和麦克唐纳岛,Heard Island and McDonald Islands,Île Heard-et-Îles MacDonald,Остров Херд и острова Макдональд,Islas Heard y McDonald
336,VA,VAT,الكرسي الرسولي,教廷,Holy See,Saint-Siège,Святой Престол,Santa Sede
340,HN,HND,هندوراس,洪都拉斯,Honduras,Honduras,Гондурас,Honduras
344,HK,HKG,الصين، منطقة هونغ كونغ الإدارية الخاصة,中国香港特别行政区,"China, Hong Kong Special Administrative Region","Chine, région administrative spéciale de Hong Kong","Китай, Специальный административный район Гонконг","China, región administrativa especial de Hong Kong"
348,HU,HUN,هنغاريا,匈牙利,Hungary,Hongrie,Венгрия,Hungría
352,IS,ISL,آيسلندا,冰岛,Iceland,Islande,Исландия,Islandia
356,IN,IND,الهند,印度,India,Inde,Индия,India
360,ID,IDN,إندونيسيا,印度尼西亚,Indonesia,Indonésie,Индонезия,Indonesia
364,IR,IRN,إيران (جمهورية - الإسلامية),伊朗伊斯兰共和国,Iran (Islamic Republic of),Iran (République islamique d’),Иран (Исламская Республика),Irán (República Islámica del)
368,IQ,IRQ,العراق,伊拉克,Iraq,Iraq,Ирак,Iraq
372,IE,IRL,آيرلندا,爱尔兰,Ireland,Irlande,Ирландия,Irlanda
376,IL,ISR,إسرائيل,以色列,Israel,Israël,Израиль,Israel
380,IT,ITA,إيطاليا,意大利,Italy,Italie,Италия,Italia
384,CI,CIV,كوت ديفوار,科特迪瓦,Côte d’Ivoire,Côte d’Ivoire,Кот-д'Ивуар,Côte d’Ivoire
388,JM,JAM,جامايكا,牙买加,Jamaica,Jamaïque,Ямайка,Jamaica
392,JP,JPN,اليابان,日本,Japan,Japon,Япония,Japón
398,KZ,KAZ,كازاخستان,哈萨克斯坦,Kazakhstan,Kazakhstan,Казахстан,Kazajstán
400,JO,JOR,الأردن,约旦,Jordan,Jordanie,Иордания,Jordania
404,KE,KEN,كينيا,肯尼亚,Kenya,Kenya,Кения,Kenya
408,KP,PRK,جمهورية كوريا الشعبية الديمقراطية,朝鲜民主主义人民共和国,Democratic People's Republic of Korea,République populaire démocratique de Corée,Корейская Народно-Демократическая Республика,República Popular Democrática de Corea
410,KR,KOR,جمهورية كوريا,大韩民国,Republic of Korea,République de Corée,Республика Корея,República de Corea
414,KW,KWT,الكويت,科威特,Kuwait,Koweït,Кувейт,Kuwait
417,KG,KGZ,قيرغيزستان,吉尔吉斯斯坦,Kyrgyzstan,Kirghizistan,Кыргызстан,Kirguistán
418,LA,LAO,جمهورية لاو الديمقراطية الشعبية,老挝人民民主共和国,Lao People's Democratic Republic,République démocratique populaire lao,Лаосская Народно-Демократическая Республика,República Democrática Popular Lao
422,LB,LBN,لبنان,黎巴嫩,Lebanon,Liban,Ливан,Líbano
426,LS,LSO,ليسوتو,莱索托,Lesotho,Lesotho,Лесото,Lesotho
428,LV,LVA,لاتفيا,拉脱维亚,Latvia,Lettonie,Латвия,Letonia
430,LR,LBR,ليبريا,利比里亚,Liberia,Libéria,Либерия,Liberia
434,LY,LBY,ليبيا,利比亚,Libya,Libye,Ливия,Libia
438,LI,LIE,ليختنشتاين,列支敦士登,Liechtenstein,Liechtenstein,Лихтенштейн,Liechtenstein
440,LT,LTU,ليتوانيا,立陶宛,Lithuania,Lituanie,Литва,Lituania
442,LU,LUX,لكسمبرغ,卢森堡,Luxembourg,Luxembourg,Люксембург,Luxemburgo
446,MO,MAC,الصين، منطقة ماكاو الإدارية الخاصة,中国澳门特别行政区,"China, Macao Special Administrative Region","Chine, région administrative spéciale de Macao","Китай, Специальный административный район Макао","China, región administrativa especial de Macao"
450,MG,MDG,مدغشقر,马达加斯加,Madagascar,Madagascar,Мадагаскар,Madagascar
454,MW,MWI,ملاوي,马拉维,Malawi,Malawi,Малави,Malawi
458,MY,MYS,ماليزيا,马来西亚,Malaysia,Malaisie,Малайзия,Malasia
462,MV,MDV,ملديف,马尔代夫,Maldives,Maldives,Мальдивские Острова,Maldivas
466,ML,MLI,مالي,马里,Mali,Mali,Мали,Malí
470,MT,MLT,مالطة,马耳他,Malta,Malte,Мальта,Malta
474,MQ,MTQ,مارتينيك,马提尼克,Martinique,Martinique,Мартиника,Martinica
478,MR,MRT,موريتانيا,毛里塔尼亚,Mauritania,Mauritanie,Мавритания,Mauritania
480,MU,MUS,موريشيوس,毛里求斯,Mauritius,Maurice,Маврикий,Mauricio
484,MX,MEX,المكسيك,墨西哥,Mexico,Mexique,Мексика,México
492,MC,MCO,موناكو,摩纳哥,Monaco,Monaco,Монако,Mónaco
496,MN,MNG,منغوليا,蒙古,Mongolia,Mongolie,Монголия,Mongolia
498,MD,MDA,جمهورية مولدوفا,摩尔多瓦共和国,Republic of Moldova,République de Moldova,Республика Молдова,República de Moldova
499,ME,MNE,الجبل الأسود,黑山,Montenegro,Monténégro,Черногория,Montenegro
500,MS,MSR,مونتسيرات,蒙特塞拉特,Montserrat,Montserrat,Монтсеррат,Montserrat
504,MA,MAR,المغرب,摩洛哥,Morocco,Maroc,Марокко,Marruecos
508,MZ,MOZ,موزامبيق,莫桑比克,Mozambique,Mozambique,Мозамбик,Mozambique
512,OM,OMN,عمان,阿曼,Oman,Oman,Оман,Omán
516,NA,NAM,ناميبيا,纳米比亚,Namibia,Namibie,Намибия,Namibia
520,NR,NRU,ناويرو,瑙鲁,Naoero,Naoero,Наоэро,Naoero
524,NP,NPL,نيبال,尼泊尔,Nepal,Népal,Непал,Nepal
528,NL,NLD,هولندا (مملكة _),荷兰王国,Netherlands (Kingdom of the),Pays-Bas (Royaume des),Нидерланды (Королевство),Países Bajos (Reino de los)
531,CW,CUW,كوراساو,库拉索,Curaçao,Curaçao,Кюрасао,Curazao
533,AW,ABW,أروبا,阿鲁巴,Aruba,Aruba,Аруба,Aruba
534,SX,SXM,سانت مارتن (الجزء الهولندي),圣马丁（荷属）,Sint Maarten (Dutch part),Saint-Martin (partie néerlandaise),Синт-Мартен (нидерландская часть),San Martín (parte Holandesa)
535,BQ,BES,بونير وسانت يوستاشيوس وسابا,博纳尔，圣俄斯塔休斯和萨巴,"Bonaire, Sint Eustatius and Saba","Bonaire, Saint-Eustache et Saba","Бонайре, Синт-Эстатиус и Саба","Bonaire, San Eustaquio y Saba"
540,NC,NCL,كاليدونيا الجديدة,新喀里多尼亚,New Caledonia,Nouvelle-Calédonie,Новая Каледония,Nueva Caledonia
548,VU,VUT,فانواتو,瓦努阿图,Vanuatu,Vanuatu,Вануату,Vanuatu
554,NZ,NZL,نيوزيلندا,新西兰,New Zealand,Nouvelle-Zélande,Новая Зеландия,Nueva Zelandia
558,NI,NIC,نيكاراغوا,尼加拉瓜,Nicaragua,Nicaragua,Никарагуа,Nicaragua
562,NE,NER,النيجر,尼日尔,Niger,Niger,Нигер,Níger
566,NG,NGA,نيجيريا,尼日利亚,Nigeria,Nigéria,Нигерия,Nigeria
570,NU,NIU,نيوي,纽埃,Niue,Nioué,Ниуэ,Niue
574,NF,NFK,جزيرة نورفولك,诺福克岛,Norfolk Island,Île Norfolk,Остров Норфолк,Isla Norfolk
578,NO,NOR,النرويج,挪威,Norway,Norvège,Норвегия,Noruega
580,MP,MNP,جزر ماريانا الشمالية,北马里亚纳群岛,Northern Mariana Islands,Îles Mariannes du Nord,Северные Марианские острова,Islas Marianas Septentrionales
581,UM,UMI,نائية التابعة للولايات المتحدة,美国本土外小岛屿,United States Minor Outlying Islands,Îles mineures éloignées des États-Unis,Внешние малые острова Соединенных Штатов,Islas menores alejadas de Estados Unidos
583,FM,FSM,ميكرونيزيا (ولايات - الموحدة),密克罗尼西亚联邦,Micronesia (Federated States of),Micronésie (États fédérés de),Микронезия (Федеративные Штаты),Micronesia (Estados Federados de)
584,MH,MHL,جزر مارشال,马绍尔群岛,Marshall Islands,Îles Marshall,Маршалловы Острова,Islas Marshall
585,PW,PLW,بالاو,帕劳,Palau,Palaos,Палау,Palau
586,PK,PAK,باكستان,巴基斯坦,Pakistan,Pakistan,Пакистан,Pakistán
591,PA,PAN,بنما,巴拿马,Panama,Panama,Панама,Panamá
598,PG,PNG,بابوا غينيا الجديدة,巴布亚新几内亚,Papua New Guinea,Papouasie-Nouvelle-Guinée,Папуа-Новая Гвинея,Papua Nueva Guinea
600,PY,PRY,باراغواي,巴拉圭,Paraguay,Paraguay,Парагвай,Paraguay
604,PE,PER,بيرو,秘鲁,Peru,Pérou,Перу,Perú
608,PH,PHL,الفلبين,菲律宾,Philippines,Philippines,Филиппины,Filipinas
612,PN,PCN,بيتكرن,皮特凯恩,Pitcairn,Pitcairn,Питкэрн,Pitcairn
616,PL,POL,بولندا,波兰,Poland,Pologne,Польша,Polonia
620,PT,PRT,البرتغال,葡萄牙,Portugal,Portugal,Португалия,Portugal
624,GW,GNB,غينيا - بيساو,几内亚比绍,Guinea-Bissau,Guinée-Bissau,Гвинея-Бисау,Guinea-Bissau
626,TL,TLS,تيمور - ليشتي,东帝汶,Timor-Leste,Timor-Leste,Тимор-Лешти,Timor-Leste
630,PR,PRI,بورتوريكو,波多黎各,Puerto Rico,Porto Rico,Пуэрто-Рико,Puerto Rico
634,QA,QAT,قطر,卡塔尔,Qatar,Qatar,Катар,Qatar
638,RE,REU,ريونيون,留尼汪,Réunion,Réunion,Реюньон,Reunión
642,RO,ROU,رومانيا,罗马尼亚,Romania,Roumanie,Румыния,Rumania
643,RU,RUS,الاتحاد الروسي,俄罗斯联邦,Russian Federation,Fédération de Russie,Российская Федерация,Federación de Rusia
646,RW,RWA,رواندا,卢旺达,Rwanda,Rwanda,Руанда,Rwanda
652,BL,BLM,سان بارتليمي,圣巴泰勒米,Saint Barthélemy,Saint-Barthélemy,Сен-Бартелеми,San Barthélemy
654,SH,SHN,سانت هيلانة,圣赫勒拿,Saint Helena,Sainte-Hélène,Остров Святой Елены,Santa Elena
659,KN,KNA,سانت كيتس ونيفس,圣基茨和尼维斯,Saint Kitts and Nevis,Saint-Kitts-et-Nevis,Сент-Китс и Невис,Saint Kitts y Nevis
660,AI,AIA,أنغويلا,安圭拉,Anguilla,Anguilla,Ангилья,Anguila
662,LC,LCA,سانت لوسيا,圣卢西亚,Saint Lucia,Sainte-Lucie,Сент-Люсия,Santa Lucía
663,MF,MAF,سانت مارتن (الجزء الفرنسي),圣马丁（法属）,Saint Martin (French Part),Saint-Martin (partie française),Сен-Мартен (французская часть),San Martín (parte francesa)
666,PM,SPM,سان بيير وميكلون,圣皮埃尔和密克隆,Saint Pierre and Miquelon,Saint-Pierre-et-Miquelon,Сен-Пьер и Микелон,San Pedro y Miquelón
670,VC,VCT,سانت فنسنت وجزر غرينادين,圣文森特和格林纳丁斯,Saint Vincent and the Grenadines,Saint-Vincent-et-les Grenadines,Сент-Винсент и Гренадины,San Vicente y las Granadinas
674,SM,SMR,سان مارينو,圣马力诺,San Marino,Saint-Marin,Сан-Марино,San Marino
678,ST,STP,سان تومي وبرينسيبي,圣多美和普林西比,Sao Tome and Principe,Sao Tomé-et-Principe,Сан-Томе и Принсипи,Santo Tomé y Príncipe
682,SA,SAU,المملكة العربية السعودية,沙特阿拉伯,Saudi Arabia,Arabie saoudite,Саудовская Аравия,Arabia Saudita
686,SN,SEN,السنغال,塞内加尔,Senegal,Sénégal,Сенегал,Senegal
688,RS,SRB,صربيا,塞尔维亚,Serbia,Serbie,Сербия,Serbia
690,SC,SYC,سيشيل,塞舌尔,Seychelles,Seychelles,Сейшельские Острова,Seychelles
694,SL,SLE,سيراليون,塞拉利昂,Sierra Leone,Sierra Leone,Сьерра-Леоне,Sierra Leona
702,SG,SGP,سنغافورة,新加坡,Singapore,Singapour,Сингапур,Singapur
703,SK,SVK,سلوفاكيا,斯洛伐克,Slovakia,Slovaquie,Словакия,Eslovaquia
704,VN,VNM,فييت نام,越南,Viet Nam,Viet Nam,Вьетнам,Viet Nam
705,SI,SVN,سلوفينيا,斯洛文尼亚,Slovenia,Slovénie,Словения,Eslovenia
706,SO,SOM,الصومال,索马里,Somalia,Somalie,Сомали,Somalia
710,ZA,ZAF,جنوب أفريقيا,南非,South Africa,Afrique du Sud,Южная Африка,Sudáfrica
716,ZW,ZWE,زمبابوي,津巴布韦,Zimbabwe,Zimbabwe,Зимбабве,Zimbabwe
724,ES,ESP,إسبانيا,西班牙,Spain,Espagne,Испания,España
728,SS,SSD,جنوب السودان,南苏丹,South Sudan,Soudan du Sud,Южный Судан,Sudán del Sur
729,SD,SDN,السودان,苏丹,Sudan,Soudan,Судан,Sudán
732,EH,ESH,الصحراء الغربية,西撒哈拉,Western Sahara,Sahara occidental,Западная Сахара,Sáhara Occidental
740,SR,SUR,سورينام,苏里南,Suriname,Suriname,Суринам,Suriname
744,SJ,SJM,جزيرتي سفالبارد وجان مايِن,斯瓦尔巴群岛和扬马延岛,Svalbard and Jan Mayen Islands,Îles Svalbard-et-Jan Mayen,Острова Свальбард и Ян-Майен,Islas Svalbard y Jan Mayen
748,SZ,SWZ,إسواتيني,斯威士兰,Eswatini,Eswatini,Эсватини,Eswatini
752,SE,SWE,السويد,瑞典,Sweden,Suède,Швеция,Suecia
756,CH,CHE,سويسرا,瑞士,Switzerland,Suisse,Швейцария,Suiza
760,SY,SYR,الجمهورية العربية السورية,阿拉伯叙利亚共和国,Syrian Arab Republic,République arabe syrienne,Сирийская Арабская Республика,República Árabe Siria
762,TJ,TJK,طاجيكستان,塔吉克斯坦,Tajikistan,Tadjikistan,Таджикистан,Tayikistán
764,TH,THA,تايلند,泰国,Thailand,Thaïlande,Таиланд,Tailandia
768,TG,TGO,توغو,多哥,Togo,Togo,Того,Togo
772,TK,TKL,توكيلاو,托克劳,Tokelau,Tokélaou,Токелау,Tokelau
776,TO,TON,تونغا,汤加,Tonga,Tonga,Тонга,Tonga
780,TT,TTO,ترينيداد وتوباغو,特立尼达和多巴哥,Trinidad and Tobago,Trinité-et-Tobago,Тринидад и Тобаго,Trinidad y Tabago
784,AE,ARE,الإمارات العربية المتحدة,阿拉伯联合酋长国,United Arab Emirates,Émirats arabes unis,Объединенные Арабские Эмираты,Emiratos Árabes Unidos
788,TN,TUN,تونس,突尼斯,Tunisia,Tunisie,Тунис,Túnez
792,TR,TUR,تركيا,土耳其,Türkiye,Türkiye,Турция,Türkiye
795,TM,TKM,تركمانستان,土库曼斯坦,Turkmenistan,Turkménistan,Туркменистан,Turkmenistán
796,TC,TCA,جزر تركس وكايكوس,特克斯和凯科斯群岛,Turks and Caicos Islands,Îles Turques-et-Caïques,Острова Теркс и Кайкос,Islas Turcas y Caicos
798,TV,TUV,توفالو,图瓦卢,Tuvalu,Tuvalu,Тувалу,Tuvalu
800,UG,UGA,أوغندا,乌干达,Uganda,Ouganda,Уганда,Uganda
804,UA,UKR,أوكرانيا,乌克兰,Ukraine,Ukraine,Украина,Ucrania
807,MK,MKD,مقدونيا الشمالية,北马其顿,North Macedonia,Macédoine du Nord,Северная Македония,Macedonia del Norte
818,EG,EGY,مصر,埃及,Egypt,Égypte,Египет,Egipto
826,GB,GBR,المملكة المتحدة لبريطانيا العظمى وآيرلندا الشمالية,大不列颠及北爱尔兰联合王国,United Kingdom of Great Britain and Northern Ireland,Royaume-Uni de Grande-Bretagne et d’Irlande du Nord,Соединенное Королевство Великобритании и Северной Ирландии,Reino Unido de Gran Bretaña e Irlanda del Norte
831,GG,GGY,غيرنسي,格恩西,Guernsey,Guernesey,Гернси,Guernsey
832,JE,JEY,جيرسي,泽西,Jersey,Jersey,Джерси,Jersey
833,IM,IMN,جزيرة مان,马恩岛,Isle of Man,Île de Man,Остров Мэн,Isla de Man
834,TZ,TZA,جمهورية تنزانيا المتحدة,坦桑尼亚联合共和国,United Republic of Tanzania,République-Unie de Tanzanie,Объединенная Республика Танзания,República Unida de Tanzanía
840,US,USA,الولايات المتحدة الأمريكية,美利坚合众国,United States of America,États-Unis d’Amérique,Соединенные Штаты Америки,Estados Unidos de América
850,VI,VIR,جزر فرجن التابعة للولايات المتحدة,美属维尔京群岛,United States Virgin Islands,Îles Vierges américaines,Виргинские острова Соединенных Штатов,Islas Vírgenes de los Estados Unidos
854,BF,BFA,بوركينا فاسو,布基纳法索,Burkina Faso,Burkina Faso,Буркина-Фасо,Burkina Faso
858,UY,URY,أوروغواي,乌拉圭,Uruguay,Uruguay,Уругвай,Uruguay
860,UZ,UZB,أوزبكستان,乌兹别克斯坦,Uzbekistan,Ouzbékistan,Узбекистан,Uzbekistán
862,VE,VEN,فنزويلا (جمهورية - البوليفارية),委内瑞拉玻利瓦尔共和国,Venezuela (Bolivarian Republic of),Venezuela (République bolivarienne du),Венесуэла (Боливарианская Республика),Venezuela (República Bolivariana de)
876,WF,WLF,جزر واليس وفوتونا,瓦利斯群岛和富图纳群岛,Wallis and Futuna Islands,Îles Wallis-et-Futuna,Острова Уоллис и Футуна,Islas Wallis y Futuna
882,WS,WSM,ساموا,萨摩亚,Samoa,Samoa,Самоа,Samoa
887,YE,YEM,اليمن,也门,Yemen,Yémen,Йемен,Yemen
894,ZM,ZMB,زامبيا,赞比亚,Zambia,Zambie,Замбия,Zambia
